{
	"BUILD_DIR" : "C:/DevTools/SCADA_GUI_V3/build-Scada_GUI_V3-Desktop_Qt_5_15_16_MSVC2019_64bit-RelWithDebInfo/Scada_GUI_V3_autogen",
	"CMAKE_BINARY_DIR" : "C:/DevTools/SCADA_GUI_V3/build-Scada_GUI_V3-Desktop_Qt_5_15_16_MSVC2019_64bit-RelWithDebInfo",
	"CMAKE_CURRENT_BINARY_DIR" : "C:/DevTools/SCADA_GUI_V3/build-Scada_GUI_V3-Desktop_Qt_5_15_16_MSVC2019_64bit-RelWithDebInfo",
	"CMAKE_CURRENT_SOURCE_DIR" : "C:/DevTools/SCADA_GUI_V3/Scada_GUI_V3",
	"CMAKE_EXECUTABLE" : "C:/Program Files/CMake/bin/cmake.exe",
	"CMAKE_LIST_FILES" : 
	[
		"C:/DevTools/SCADA_GUI_V3/Scada_GUI_V3/CMakeLists.txt",
		"C:/DevTools/SCADA_GUI_V3/build-Scada_GUI_V3-Desktop_Qt_5_15_16_MSVC2019_64bit-RelWithDebInfo/.qtc/package-manager/auto-setup.cmake",
		"C:/Program Files/CMake/share/cmake-3.28/Modules/CMakeDetermineSystem.cmake",
		"C:/Program Files/CMake/share/cmake-3.28/Modules/CMakeSystem.cmake.in",
		"C:/DevTools/SCADA_GUI_V3/build-Scada_GUI_V3-Desktop_Qt_5_15_16_MSVC2019_64bit-RelWithDebInfo/CMakeFiles/3.28.2/CMakeSystem.cmake",
		"C:/Program Files/CMake/share/cmake-3.28/Modules/CMakeNinjaFindMake.cmake",
		"C:/Program Files/CMake/share/cmake-3.28/Modules/CMakeSystemSpecificInitialize.cmake",
		"C:/Program Files/CMake/share/cmake-3.28/Modules/Platform/Windows-Initialize.cmake",
		"C:/Program Files/CMake/share/cmake-3.28/Modules/CMakeDetermineCXXCompiler.cmake",
		"C:/Program Files/CMake/share/cmake-3.28/Modules/CMakeDetermineCompiler.cmake",
		"C:/Program Files/CMake/share/cmake-3.28/Modules/Platform/Windows-Determine-CXX.cmake",
		"C:/Program Files/CMake/share/cmake-3.28/Modules/CMakeDetermineCompilerId.cmake",
		"C:/Program Files/CMake/share/cmake-3.28/Modules/CMakeCompilerIdDetection.cmake",
		"C:/Program Files/CMake/share/cmake-3.28/Modules/Compiler/ADSP-DetermineCompiler.cmake",
		"C:/Program Files/CMake/share/cmake-3.28/Modules/Compiler/ARMCC-DetermineCompiler.cmake",
		"C:/Program Files/CMake/share/cmake-3.28/Modules/Compiler/ARMClang-DetermineCompiler.cmake",
		"C:/Program Files/CMake/share/cmake-3.28/Modules/Compiler/AppleClang-DetermineCompiler.cmake",
		"C:/Program Files/CMake/share/cmake-3.28/Modules/Compiler/Clang-DetermineCompilerInternal.cmake",
		"C:/Program Files/CMake/share/cmake-3.28/Modules/Compiler/Borland-DetermineCompiler.cmake",
		"C:/Program Files/CMake/share/cmake-3.28/Modules/Compiler/Clang-DetermineCompiler.cmake",
		"C:/Program Files/CMake/share/cmake-3.28/Modules/Compiler/Clang-DetermineCompilerInternal.cmake",
		"C:/Program Files/CMake/share/cmake-3.28/Modules/Compiler/Comeau-CXX-DetermineCompiler.cmake",
		"C:/Program Files/CMake/share/cmake-3.28/Modules/Compiler/Compaq-CXX-DetermineCompiler.cmake",
		"C:/Program Files/CMake/share/cmake-3.28/Modules/Compiler/Cray-DetermineCompiler.cmake",
		"C:/Program Files/CMake/share/cmake-3.28/Modules/Compiler/CrayClang-DetermineCompiler.cmake",
		"C:/Program Files/CMake/share/cmake-3.28/Modules/Compiler/Embarcadero-DetermineCompiler.cmake",
		"C:/Program Files/CMake/share/cmake-3.28/Modules/Compiler/Fujitsu-DetermineCompiler.cmake",
		"C:/Program Files/CMake/share/cmake-3.28/Modules/Compiler/FujitsuClang-DetermineCompiler.cmake",
		"C:/Program Files/CMake/share/cmake-3.28/Modules/Compiler/GHS-DetermineCompiler.cmake",
		"C:/Program Files/CMake/share/cmake-3.28/Modules/Compiler/GNU-CXX-DetermineCompiler.cmake",
		"C:/Program Files/CMake/share/cmake-3.28/Modules/Compiler/HP-CXX-DetermineCompiler.cmake",
		"C:/Program Files/CMake/share/cmake-3.28/Modules/Compiler/IAR-DetermineCompiler.cmake",
		"C:/Program Files/CMake/share/cmake-3.28/Modules/Compiler/IBMClang-CXX-DetermineCompiler.cmake",
		"C:/Program Files/CMake/share/cmake-3.28/Modules/Compiler/Intel-DetermineCompiler.cmake",
		"C:/Program Files/CMake/share/cmake-3.28/Modules/Compiler/IntelLLVM-DetermineCompiler.cmake",
		"C:/Program Files/CMake/share/cmake-3.28/Modules/Compiler/LCC-CXX-DetermineCompiler.cmake",
		"C:/Program Files/CMake/share/cmake-3.28/Modules/Compiler/MSVC-DetermineCompiler.cmake",
		"C:/Program Files/CMake/share/cmake-3.28/Modules/Compiler/NVHPC-DetermineCompiler.cmake",
		"C:/Program Files/CMake/share/cmake-3.28/Modules/Compiler/NVIDIA-DetermineCompiler.cmake",
		"C:/Program Files/CMake/share/cmake-3.28/Modules/Compiler/OpenWatcom-DetermineCompiler.cmake",
		"C:/Program Files/CMake/share/cmake-3.28/Modules/Compiler/OrangeC-DetermineCompiler.cmake",
		"C:/Program Files/CMake/share/cmake-3.28/Modules/Compiler/PGI-DetermineCompiler.cmake",
		"C:/Program Files/CMake/share/cmake-3.28/Modules/Compiler/PathScale-DetermineCompiler.cmake",
		"C:/Program Files/CMake/share/cmake-3.28/Modules/Compiler/SCO-DetermineCompiler.cmake",
		"C:/Program Files/CMake/share/cmake-3.28/Modules/Compiler/SunPro-CXX-DetermineCompiler.cmake",
		"C:/Program Files/CMake/share/cmake-3.28/Modules/Compiler/TI-DetermineCompiler.cmake",
		"C:/Program Files/CMake/share/cmake-3.28/Modules/Compiler/Tasking-DetermineCompiler.cmake",
		"C:/Program Files/CMake/share/cmake-3.28/Modules/Compiler/VisualAge-CXX-DetermineCompiler.cmake",
		"C:/Program Files/CMake/share/cmake-3.28/Modules/Compiler/IBMCPP-CXX-DetermineVersionInternal.cmake",
		"C:/Program Files/CMake/share/cmake-3.28/Modules/Compiler/Watcom-DetermineCompiler.cmake",
		"C:/Program Files/CMake/share/cmake-3.28/Modules/Compiler/XL-CXX-DetermineCompiler.cmake",
		"C:/Program Files/CMake/share/cmake-3.28/Modules/Compiler/IBMCPP-CXX-DetermineVersionInternal.cmake",
		"C:/Program Files/CMake/share/cmake-3.28/Modules/Compiler/XLClang-CXX-DetermineCompiler.cmake",
		"C:/Program Files/CMake/share/cmake-3.28/Modules/Compiler/zOS-CXX-DetermineCompiler.cmake",
		"C:/Program Files/CMake/share/cmake-3.28/Modules/Compiler/IBMCPP-CXX-DetermineVersionInternal.cmake",
		"C:/Program Files/CMake/share/cmake-3.28/Modules/CMakeFindBinUtils.cmake",
		"C:/Program Files/CMake/share/cmake-3.28/Modules/CMakeCXXCompiler.cmake.in",
		"C:/DevTools/SCADA_GUI_V3/build-Scada_GUI_V3-Desktop_Qt_5_15_16_MSVC2019_64bit-RelWithDebInfo/CMakeFiles/3.28.2/CMakeCXXCompiler.cmake",
		"C:/Program Files/CMake/share/cmake-3.28/Modules/CMakeSystemSpecificInformation.cmake",
		"C:/Program Files/CMake/share/cmake-3.28/Modules/CMakeGenericSystem.cmake",
		"C:/Program Files/CMake/share/cmake-3.28/Modules/CMakeInitializeConfigs.cmake",
		"C:/Program Files/CMake/share/cmake-3.28/Modules/Platform/Windows.cmake",
		"C:/Program Files/CMake/share/cmake-3.28/Modules/Platform/WindowsPaths.cmake",
		"C:/Program Files/CMake/share/cmake-3.28/Modules/CMakeCXXInformation.cmake",
		"C:/Program Files/CMake/share/cmake-3.28/Modules/CMakeLanguageInformation.cmake",
		"C:/Program Files/CMake/share/cmake-3.28/Modules/Compiler/MSVC-CXX.cmake",
		"C:/Program Files/CMake/share/cmake-3.28/Modules/Compiler/MSVC.cmake",
		"C:/Program Files/CMake/share/cmake-3.28/Modules/Compiler/CMakeCommonCompilerMacros.cmake",
		"C:/Program Files/CMake/share/cmake-3.28/Modules/Platform/Windows-MSVC-CXX.cmake",
		"C:/Program Files/CMake/share/cmake-3.28/Modules/Platform/Windows-MSVC.cmake",
		"C:/Program Files/CMake/share/cmake-3.28/Modules/CMakeDetermineRCCompiler.cmake",
		"C:/Program Files/CMake/share/cmake-3.28/Modules/CMakeRCCompiler.cmake.in",
		"C:/DevTools/SCADA_GUI_V3/build-Scada_GUI_V3-Desktop_Qt_5_15_16_MSVC2019_64bit-RelWithDebInfo/CMakeFiles/3.28.2/CMakeRCCompiler.cmake",
		"C:/Program Files/CMake/share/cmake-3.28/Modules/CMakeRCInformation.cmake",
		"C:/Program Files/CMake/share/cmake-3.28/Modules/CMakeTestRCCompiler.cmake",
		"C:/Program Files/CMake/share/cmake-3.28/Modules/CMakeCommonLanguageInclude.cmake",
		"C:/Program Files/CMake/share/cmake-3.28/Modules/CMakeTestCXXCompiler.cmake",
		"C:/Program Files/CMake/share/cmake-3.28/Modules/CMakeTestCompilerCommon.cmake",
		"C:/Program Files/CMake/share/cmake-3.28/Modules/CMakeDetermineCompilerABI.cmake",
		"C:/Program Files/CMake/share/cmake-3.28/Modules/CMakeParseImplicitIncludeInfo.cmake",
		"C:/Program Files/CMake/share/cmake-3.28/Modules/CMakeParseImplicitLinkInfo.cmake",
		"C:/Program Files/CMake/share/cmake-3.28/Modules/CMakeParseLibraryArchitecture.cmake",
		"C:/Program Files/CMake/share/cmake-3.28/Modules/CMakeTestCompilerCommon.cmake",
		"C:/Program Files/CMake/share/cmake-3.28/Modules/CMakeCXXCompilerABI.cpp",
		"C:/Program Files/CMake/share/cmake-3.28/Modules/CMakeDetermineCompileFeatures.cmake",
		"C:/Program Files/CMake/share/cmake-3.28/Modules/Internal/FeatureTesting.cmake",
		"C:/Program Files/CMake/share/cmake-3.28/Modules/CMakeCXXCompiler.cmake.in",
		"C:/DevTools/SCADA_GUI_V3/build-Scada_GUI_V3-Desktop_Qt_5_15_16_MSVC2019_64bit-RelWithDebInfo/CMakeFiles/3.28.2/CMakeCXXCompiler.cmake",
		"C:/Qt/5.15.16/msvc2019_64/lib/cmake/Qt5/Qt5ConfigVersion.cmake",
		"C:/Qt/5.15.16/msvc2019_64/lib/cmake/Qt5/Qt5Config.cmake",
		"C:/Qt/5.15.16/msvc2019_64/lib/cmake/Qt5/Qt5ConfigVersion.cmake",
		"C:/Qt/5.15.16/msvc2019_64/lib/cmake/Qt5/Qt5Config.cmake",
		"C:/Qt/5.15.16/msvc2019_64/lib/cmake/Qt5/Qt5ModuleLocation.cmake",
		"C:/Qt/5.15.16/msvc2019_64/lib/cmake/Qt5Core/Qt5CoreConfigVersion.cmake",
		"C:/Qt/5.15.16/msvc2019_64/lib/cmake/Qt5Core/Qt5CoreConfig.cmake",
		"C:/Qt/5.15.16/msvc2019_64/lib/cmake/Qt5Core/Qt5CoreConfigExtras.cmake",
		"C:/Qt/5.15.16/msvc2019_64/lib/cmake/Qt5Core/Qt5CoreConfigExtrasMkspecDir.cmake",
		"C:/Qt/5.15.16/msvc2019_64/lib/cmake/Qt5Core/Qt5CoreMacros.cmake",
		"C:/Program Files/CMake/share/cmake-3.28/Modules/CMakeParseArguments.cmake",
		"C:/Qt/5.15.16/msvc2019_64/lib/cmake/Qt5Gui/Qt5GuiConfigVersion.cmake",
		"C:/Qt/5.15.16/msvc2019_64/lib/cmake/Qt5Gui/Qt5GuiConfig.cmake",
		"C:/Qt/5.15.16/msvc2019_64/lib/cmake/Qt5Gui/Qt5Gui_QGifPlugin.cmake",
		"C:/Qt/5.15.16/msvc2019_64/lib/cmake/Qt5Gui/Qt5Gui_QICNSPlugin.cmake",
		"C:/Qt/5.15.16/msvc2019_64/lib/cmake/Qt5Gui/Qt5Gui_QICOPlugin.cmake",
		"C:/Qt/5.15.16/msvc2019_64/lib/cmake/Qt5Gui/Qt5Gui_QJpegPlugin.cmake",
		"C:/Qt/5.15.16/msvc2019_64/lib/cmake/Qt5Gui/Qt5Gui_QMinimalIntegrationPlugin.cmake",
		"C:/Qt/5.15.16/msvc2019_64/lib/cmake/Qt5Gui/Qt5Gui_QOffscreenIntegrationPlugin.cmake",
		"C:/Qt/5.15.16/msvc2019_64/lib/cmake/Qt5Gui/Qt5Gui_QSvgIconPlugin.cmake",
		"C:/Qt/5.15.16/msvc2019_64/lib/cmake/Qt5Gui/Qt5Gui_QSvgPlugin.cmake",
		"C:/Qt/5.15.16/msvc2019_64/lib/cmake/Qt5Gui/Qt5Gui_QTgaPlugin.cmake",
		"C:/Qt/5.15.16/msvc2019_64/lib/cmake/Qt5Gui/Qt5Gui_QTiffPlugin.cmake",
		"C:/Qt/5.15.16/msvc2019_64/lib/cmake/Qt5Gui/Qt5Gui_QTuioTouchPlugin.cmake",
		"C:/Qt/5.15.16/msvc2019_64/lib/cmake/Qt5Gui/Qt5Gui_QWbmpPlugin.cmake",
		"C:/Qt/5.15.16/msvc2019_64/lib/cmake/Qt5Gui/Qt5Gui_QWebpPlugin.cmake",
		"C:/Qt/5.15.16/msvc2019_64/lib/cmake/Qt5Gui/Qt5Gui_QWindowsDirect2DIntegrationPlugin.cmake",
		"C:/Qt/5.15.16/msvc2019_64/lib/cmake/Qt5Gui/Qt5Gui_QWindowsIntegrationPlugin.cmake",
		"C:/Qt/5.15.16/msvc2019_64/lib/cmake/Qt5Gui/Qt5Gui_QXdgDesktopPortalThemePlugin.cmake",
		"C:/Qt/5.15.16/msvc2019_64/lib/cmake/Qt5Gui/Qt5GuiConfigExtras.cmake",
		"C:/Qt/5.15.16/msvc2019_64/lib/cmake/Qt5PrintSupport/Qt5PrintSupportConfigVersion.cmake",
		"C:/Qt/5.15.16/msvc2019_64/lib/cmake/Qt5PrintSupport/Qt5PrintSupportConfig.cmake",
		"C:/Qt/5.15.16/msvc2019_64/lib/cmake/Qt5Widgets/Qt5WidgetsConfigVersion.cmake",
		"C:/Qt/5.15.16/msvc2019_64/lib/cmake/Qt5Widgets/Qt5WidgetsConfig.cmake",
		"C:/Qt/5.15.16/msvc2019_64/lib/cmake/Qt5Widgets/Qt5Widgets_QWindowsVistaStylePlugin.cmake",
		"C:/Qt/5.15.16/msvc2019_64/lib/cmake/Qt5Widgets/Qt5WidgetsConfigExtras.cmake",
		"C:/Qt/5.15.16/msvc2019_64/lib/cmake/Qt5Widgets/Qt5WidgetsMacros.cmake",
		"C:/Program Files/CMake/share/cmake-3.28/Modules/CMakeParseArguments.cmake",
		"C:/Qt/5.15.16/msvc2019_64/lib/cmake/Qt5PrintSupport/Qt5PrintSupport_QWindowsPrinterSupportPlugin.cmake",
		"C:/Qt/5.15.16/msvc2019_64/lib/cmake/Qt5/Qt5ConfigVersion.cmake",
		"C:/Qt/5.15.16/msvc2019_64/lib/cmake/Qt5/Qt5Config.cmake",
		"C:/Qt/5.15.16/msvc2019_64/lib/cmake/Qt5/Qt5ModuleLocation.cmake",
		"C:/Qt/5.15.16/msvc2019_64/lib/cmake/Qt5Widgets/Qt5WidgetsConfigVersion.cmake",
		"C:/Qt/5.15.16/msvc2019_64/lib/cmake/Qt5Widgets/Qt5WidgetsConfig.cmake",
		"C:/Qt/5.15.16/msvc2019_64/lib/cmake/Qt5Charts/Qt5ChartsConfigVersion.cmake",
		"C:/Qt/5.15.16/msvc2019_64/lib/cmake/Qt5Charts/Qt5ChartsConfig.cmake",
		"C:/Program Files/CMake/share/cmake-3.28/Modules/GNUInstallDirs.cmake"
	],
	"CMAKE_SOURCE_DIR" : "C:/DevTools/SCADA_GUI_V3/Scada_GUI_V3",
	"DEP_FILE" : "C:/DevTools/SCADA_GUI_V3/build-Scada_GUI_V3-Desktop_Qt_5_15_16_MSVC2019_64bit-RelWithDebInfo/Scada_GUI_V3_autogen/deps",
	"DEP_FILE_RULE_NAME" : "Scada_GUI_V3_autogen/timestamp",
	"HEADERS" : 
	[
		[
			"C:/DevTools/SCADA_GUI_V3/Scada_GUI_V3/customdelegate.h",
			"MU",
			"EWIEGA46WW/moc_customdelegate.cpp",
			null
		],
		[
			"C:/DevTools/SCADA_GUI_V3/Scada_GUI_V3/mainwindow.h",
			"MU",
			"EWIEGA46WW/moc_mainwindow.cpp",
			null
		],
		[
			"C:/DevTools/SCADA_GUI_V3/Scada_GUI_V3/qcustomplot.h",
			"MU",
			"EWIEGA46WW/moc_qcustomplot.cpp",
			null
		],
		[
			"C:/DevTools/SCADA_GUI_V3/Scada_GUI_V3/qledlabel.h",
			"MU",
			"EWIEGA46WW/moc_qledlabel.cpp",
			null
		]
	],
	"HEADER_EXTENSIONS" : [ "h", "hh", "h++", "hm", "hpp", "hxx", "in", "txx" ],
	"INCLUDE_DIR" : "C:/DevTools/SCADA_GUI_V3/build-Scada_GUI_V3-Desktop_Qt_5_15_16_MSVC2019_64bit-RelWithDebInfo/Scada_GUI_V3_autogen/include",
	"MOC_COMPILATION_FILE" : "C:/DevTools/SCADA_GUI_V3/build-Scada_GUI_V3-Desktop_Qt_5_15_16_MSVC2019_64bit-RelWithDebInfo/Scada_GUI_V3_autogen/mocs_compilation.cpp",
	"MOC_DEFINITIONS" : 
	[
		"QT_CHARTS_LIB",
		"QT_CORE_LIB",
		"QT_GUI_LIB",
		"QT_NO_DEBUG",
		"QT_PRINTSUPPORT_LIB",
		"QT_WIDGETS_LIB",
		"WIN32"
	],
	"MOC_DEPEND_FILTERS" : 
	[
		[
			"Q_PLUGIN_METADATA",
			"[\n][ \t]*Q_PLUGIN_METADATA[ \t]*\\([^\\)]*FILE[ \t]*\"([^\"]+)\""
		]
	],
	"MOC_INCLUDES" : 
	[
		"C:/Qt/5.15.16/msvc2019_64/include",
		"C:/Qt/5.15.16/msvc2019_64/include/QtWidgets",
		"C:/Qt/5.15.16/msvc2019_64/include/QtGui",
		"C:/Qt/5.15.16/msvc2019_64/include/QtANGLE",
		"C:/Qt/5.15.16/msvc2019_64/include/QtCore",
		"C:/Qt/5.15.16/msvc2019_64/mkspecs/win32-msvc",
		"C:/Qt/5.15.16/msvc2019_64/include/QtCharts",
		"C:/Qt/5.15.16/msvc2019_64/include/QtPrintSupport"
	],
	"MOC_MACRO_NAMES" : [ "Q_OBJECT", "Q_GADGET", "Q_NAMESPACE", "Q_NAMESPACE_EXPORT" ],
	"MOC_OPTIONS" : [],
	"MOC_PATH_PREFIX" : false,
	"MOC_PREDEFS_CMD" : [],
	"MOC_PREDEFS_FILE" : "",
	"MOC_RELAXED_MODE" : false,
	"MOC_SKIP" : [],
	"MULTI_CONFIG" : false,
	"PARALLEL" : 12,
	"PARSE_CACHE_FILE" : "C:/DevTools/SCADA_GUI_V3/build-Scada_GUI_V3-Desktop_Qt_5_15_16_MSVC2019_64bit-RelWithDebInfo/CMakeFiles/Scada_GUI_V3_autogen.dir/ParseCache.txt",
	"QT_MOC_EXECUTABLE" : "C:/Qt/5.15.16/msvc2019_64/bin/moc.exe",
	"QT_UIC_EXECUTABLE" : "C:/Qt/5.15.16/msvc2019_64/bin/uic.exe",
	"QT_VERSION_MAJOR" : 5,
	"QT_VERSION_MINOR" : 15,
	"SETTINGS_FILE" : "C:/DevTools/SCADA_GUI_V3/build-Scada_GUI_V3-Desktop_Qt_5_15_16_MSVC2019_64bit-RelWithDebInfo/CMakeFiles/Scada_GUI_V3_autogen.dir/AutogenUsed.txt",
	"SOURCES" : 
	[
		[
			"C:/DevTools/SCADA_GUI_V3/Scada_GUI_V3/customdelegate.cpp",
			"MU",
			null
		],
		[ "C:/DevTools/SCADA_GUI_V3/Scada_GUI_V3/main.cpp", "MU", null ],
		[ "C:/DevTools/SCADA_GUI_V3/Scada_GUI_V3/mainwindow.cpp", "MU", null ],
		[ "C:/DevTools/SCADA_GUI_V3/Scada_GUI_V3/qcustomplot.cpp", "MU", null ],
		[ "C:/DevTools/SCADA_GUI_V3/Scada_GUI_V3/qledlabel.cpp", "MU", null ]
	],
	"UIC_OPTIONS" : [],
	"UIC_SEARCH_PATHS" : [],
	"UIC_SKIP" : [],
	"UIC_UI_FILES" : [],
	"VERBOSITY" : 0
}
